{"options":{"check_for_updates":true,"comment":null,"compat_foreach":false,"compat_metadata":false,"compat_powerful_this":null,"compat_wrappedjsobject":false,"compatopts_for_requires":true,"noframes":null,"override":{"merge_connects":true,"merge_excludes":true,"merge_includes":true,"merge_matches":true,"orig_connects":[],"orig_excludes":[],"orig_includes":[],"orig_matches":["*://*.ouo.io/*","*://*.ouo.press/*","*://*.uii.io/*","*://*.passgen.icu/*","*://*.wordcounter.icu/*","*://*.exe.io/*","*://*.exey.io/*","*://*.exey.app/*","*://*.bc.vc/*","*://*.bcvc.live/*","*://*.bcvc.xyz/*","*://*.ouo.today/*","*://*.doaipomer.com/*","*://*.adf.ly/*","*://*.hurirk.net/*","*://*.usfinf.net/*","*://*.xervoo.net/*","*://*.pro/*","*://*.met.bz/*","*://*.shrinkearn.com/*","*://*.tei.ai/*","*://*.makemoneywithurl.com/*","*://*.clk.sh/*","*://*.iir.ai/*","*://*.shrink.pe/*","*://*.aii.sh/*","*://*.shrtfly.com/*","*://*.stfly.me/*","*://*.nbyts.online/*","*://*.shrinkurl.org/*","*://*.shrinkme.io/*","*://*.shrinke.me/*","*://*.smoner.com/*","*://*.shortearn.eu/*","*://*.adfoc.us/*","*://*.fc.lc/*","*://*.fc-lc.com/*","*://*.tr.link/*","*://*.aylink.co/*","*://*.yindex.xyz/*","*://*.gitizle.vip/*","*://*.uzunversiyon.xyz/*","*://*.shtms.co/*","*://*.findi.pro/*","*://*.gitlink.pro/*","*://*.bildirim.eu/*","*://*.bildirim.in/*","*://*.ppcnt.net/*","*://*.pnd.tl/*","*://*.pnd.one/*","*://*.pnd.money/*","*://*.pnd.fyi/*","*://*.pndx.live/*","*://*.shr.cash/*","*://*.acn.vin/*","*://*.pubiza.com/*","*://*.lnk.parts/*","*://*.lnkparts.com/*","*://*.zunsoach.com/*","*://*.urlcik.com/*","*://*.recaptcha.net/recaptcha/*","*://*.google.com/recaptcha/*"],"orig_noframes":null,"orig_run_at":"document-idle","use_blockers":[],"use_connects":[],"use_excludes":[],"use_includes":[],"use_matches":[]},"run_at":null,"sandbox":null,"tab_types":null,"unwrap":null},"settings":{"enabled":true,"position":3},"meta":{"name":"adLBypasser [v1.6] || Ouo.Io, Uii.Io, Exe.Io, Bc.Vc, Adf.Ly & More ✔ NO ADS","uuid":"cb1d3f07-393e-4c61-b484-7aad4dfe482c","modified":1696197147091}}