{"options":{"check_for_updates":true,"comment":null,"compat_foreach":false,"compat_metadata":false,"compat_powerful_this":null,"compat_wrappedjsobject":false,"compatopts_for_requires":true,"noframes":null,"override":{"merge_connects":true,"merge_excludes":true,"merge_includes":true,"merge_matches":true,"orig_connects":[],"orig_excludes":[],"orig_includes":["/^(https?:\\/\\/)(.+)?(techedifier|phineypet|talkforfitness|batmanfactor|laptopfinest)(\\.com)(\\/.*)/","/^(https?:\\/\\/)(.+)?(thumb8|thumb9|crewbase|crewus|shinchu|shinbhu|ultraten|uniqueten|topcryptoz|allcryptoz)(\\.net)(\\/.*)/"],"orig_matches":["*://misterio.ro/*","*://mejoresperfumes.club/*"],"orig_noframes":null,"orig_run_at":"document-body","use_blockers":[],"use_connects":[],"use_excludes":[],"use_includes":[],"use_matches":[]},"run_at":null,"sandbox":null,"tab_types":null,"unwrap":null},"settings":{"enabled":true,"position":10},"meta":{"name":"Bypass Fly.inc","uuid":"83205336-0575-412d-8c6b-cc1de7560051","modified":1696197722471}}