{"options":{"check_for_updates":true,"comment":null,"compat_foreach":false,"compat_metadata":false,"compat_powerful_this":null,"compat_wrappedjsobject":false,"compatopts_for_requires":true,"noframes":null,"override":{"merge_connects":true,"merge_excludes":true,"merge_includes":true,"merge_matches":true,"orig_connects":[],"orig_excludes":[],"orig_includes":[],"orig_matches":["*://cutdl.xyz/*","*://stfly.me/*","*://shrinke.me/*","*://gplinks.co/*","*://linksly.co/*","*://smgplaza.com/*","*://shortzon.com/*","*://icutlink.com/*","*://*.hamody.pro/*","*://*.mealob.com/*","*://megablogme.com/*","*://tribuntekno.com/*","*://namemegablog.com/*","*://doctor-groups.com/*","*://link.turkdown.com/*","*://safe.intipanime.com/*"],"orig_noframes":null,"orig_run_at":"document-start","use_blockers":[],"use_connects":[],"use_excludes":[],"use_includes":[],"use_matches":[]},"run_at":null,"sandbox":null,"tab_types":null,"unwrap":null},"settings":{"enabled":true,"position":7},"meta":{"name":"Bypass Special Shortlink","uuid":"4f86583e-3bea-4693-b2d0-d51b3e3f6914","modified":1696197284904}}