{"options":{"check_for_updates":true,"comment":null,"compat_foreach":false,"compat_metadata":false,"compat_powerful_this":null,"compat_wrappedjsobject":false,"compatopts_for_requires":true,"noframes":null,"override":{"merge_connects":true,"merge_excludes":true,"merge_includes":true,"merge_matches":true,"orig_connects":[],"orig_excludes":[],"orig_includes":["/^(https?:\\/\\/)(.+)?(teethblock|tikiearn|tron-free|viefaucet|yfaucet|ziifaucet)(\\.com)(\\/.*)/","/^(https?:\\/\\/)(.+)?(hatecoin|hatecoin)(\\.me)(\\/.*)/","/^(https?:\\/\\/)(.+)?(feyorra|freebinance|freebitcoin|freesolana)(\\.top)(\\/.*)/"],"orig_matches":["https://claimcash.cc/*","https://contentos.one/*","https://coinpayz.xyz/*"],"orig_noframes":null,"orig_run_at":"document-idle","use_blockers":[],"use_connects":[],"use_excludes":[],"use_includes":[],"use_matches":[]},"run_at":null,"sandbox":null,"tab_types":null,"unwrap":null},"settings":{"enabled":true,"position":12},"meta":{"name":"Faucet Rotator Auto","uuid":"2ca1e809-bd77-4939-9f05-28199a6e0654","modified":1696197780140}}