{"options":{"check_for_updates":true,"comment":null,"compat_foreach":false,"compat_metadata":false,"compat_powerful_this":null,"compat_wrappedjsobject":false,"compatopts_for_requires":true,"noframes":null,"override":{"merge_connects":true,"merge_excludes":true,"merge_includes":true,"merge_matches":true,"orig_connects":["engageub.pythonanywhere.com","engageub1.pythonanywhere.com"],"orig_excludes":[],"orig_includes":[],"orig_matches":["*://*/recaptcha/*"],"orig_noframes":null,"orig_run_at":"document-idle","use_blockers":[],"use_connects":[],"use_excludes":[],"use_includes":[],"use_matches":[]},"run_at":null,"sandbox":null,"tab_types":null,"unwrap":null},"settings":{"enabled":false,"position":6},"meta":{"name":"Recaptcha Solver (Automatically solves Recaptcha in browser)","uuid":"f2d603f4-cfae-4052-8444-dda719a1d027","modified":1696197147100}}