{"options":{"check_for_updates":true,"comment":null,"compat_foreach":false,"compat_metadata":false,"compat_powerful_this":null,"compat_wrappedjsobject":false,"compatopts_for_requires":true,"noframes":null,"override":{"merge_connects":true,"merge_excludes":true,"merge_includes":true,"merge_matches":true,"orig_connects":[],"orig_excludes":[],"orig_includes":["/^(https?:\\/\\/)(.+)?(rsadnetworkinfo|rsinsuranceinfo|rsfinanceinfo|rssoftwareinfo|rshostinginfo|rseducationinfo)(\\.com)(\\/.*)/"],"orig_matches":[],"orig_noframes":null,"orig_run_at":"document-body","use_blockers":[],"use_connects":[],"use_excludes":[],"use_includes":[],"use_matches":[]},"run_at":null,"sandbox":null,"tab_types":null,"unwrap":null},"settings":{"enabled":true,"position":9},"meta":{"name":"Singkat RSShort","uuid":"8ca9c66e-eb55-4b09-87a6-c26c43e62ace","modified":1696197667608}}