{"options":{"check_for_updates":true,"comment":null,"compat_foreach":false,"compat_metadata":false,"compat_powerful_this":null,"compat_wrappedjsobject":false,"compatopts_for_requires":true,"noframes":null,"override":{"merge_connects":true,"merge_excludes":true,"merge_includes":true,"merge_matches":true,"orig_connects":[],"orig_excludes":[],"orig_includes":["/^(https?:\\/\\/)(.+)?(techedifier|phineypet|talkforfitness|batmanfactor|laptopfinest|hauntingrealm|gametechreviewer|advertisingexcel)(\\.com)(\\/.*)/","/^(https?:\\/\\/)(.+)?(thumb8|thumb9|crewbase|crewus|shinchu|shinbhu|ultraten|uniqueten|topcryptoz|allcryptoz)(\\.net)(\\/.*)/"],"orig_matches":["*://misterio.ro/*","*://mejoresperfumes.club/*"],"orig_noframes":null,"orig_run_at":"document-body","use_blockers":[],"use_connects":[],"use_excludes":[],"use_includes":[],"use_matches":[]},"run_at":null,"sandbox":null,"tab_types":null,"unwrap":null},"settings":{"enabled":true,"position":11},"meta":{"name":"Special Fly.inc Pass","uuid":"5d82e2a7-a519-46e0-b030-35c8fed40b6a","modified":1696197736870}}