{"options":{"check_for_updates":true,"comment":null,"compat_foreach":false,"compat_metadata":false,"compat_powerful_this":null,"compat_wrappedjsobject":false,"compatopts_for_requires":true,"noframes":null,"override":{"merge_connects":true,"merge_excludes":true,"merge_includes":true,"merge_matches":true,"orig_connects":[],"orig_excludes":[],"orig_includes":[],"orig_matches":["https://*/recaptcha/*","https://*.hcaptcha.com/*hcaptcha-challenge*","https://*.hcaptcha.com/*checkbox*","https://*.hcaptcha.com/*captcha*"],"orig_noframes":null,"orig_run_at":"document-idle","use_blockers":[],"use_connects":[],"use_excludes":[],"use_includes":[],"use_matches":[]},"run_at":null,"sandbox":null,"tab_types":null,"unwrap":null},"settings":{"enabled":true,"position":3},"meta":{"name":"hCaptcha reCaptcha Auto Open","uuid":"ba2d2611-b8fe-45e4-a1d8-f08b33ea1075","modified":1696941157831}}