{"options":{"check_for_updates":true,"comment":null,"compat_foreach":false,"compat_metadata":false,"compat_powerful_this":null,"compat_wrappedjsobject":false,"compatopts_for_requires":true,"noframes":null,"override":{"merge_connects":true,"merge_excludes":true,"merge_includes":true,"merge_matches":true,"orig_connects":["engageub.pythonanywhere.com","engageub1.pythonanywhere.com"],"orig_excludes":[],"orig_includes":[],"orig_matches":["*://*/recaptcha/*"],"orig_noframes":null,"orig_run_at":"document-idle","use_blockers":[],"use_connects":[],"use_excludes":[],"use_includes":[],"use_matches":[]},"run_at":null,"sandbox":null,"tab_types":null,"unwrap":null},"settings":{"enabled":true,"position":6},"meta":{"name":"Recaptcha V2 Solver","uuid":"fe7291f8-407e-48b0-95fb-fc0f966d3b65","modified":1696941176392}}