{"options":{"check_for_updates":false,"comment":null,"compat_foreach":false,"compat_metadata":false,"compat_powerful_this":null,"compat_wrappedjsobject":false,"compatopts_for_requires":true,"noframes":null,"override":{"merge_connects":true,"merge_excludes":true,"merge_includes":true,"merge_matches":true,"orig_connects":[],"orig_excludes":[],"orig_includes":["/^(https?:\\/\\/)(.+)?(teethblock|tikiearn|tron-free|viefaucet|yfaucet|ziifaucet|whoopyrewards|keforcash)(\\.com)(\\/.*)/","/^(https?:\\/\\/)(.+)?(hatecoin|hatecoin)(\\.me)(\\/.*)/","/^(https?:\\/\\/)(.+)?(feyorra|freebinance|freebitcoin|freesolana)(\\.top)(\\/.*)/"],"orig_matches":["https://claimcash.cc/*","https://contentos.one/*","https://coinpayz.xyz/*"],"orig_noframes":null,"orig_run_at":"document-idle","use_blockers":[],"use_connects":[],"use_excludes":[],"use_includes":[],"use_matches":[]},"run_at":null,"sandbox":null,"tab_types":null,"unwrap":null},"settings":{"enabled":true,"position":8},"meta":{"name":"Rotator Auto Faucet","uuid":"1bdf2e08-f878-4e58-adf0-12d223aa2203","modified":1696941337872}}