{"options":{"check_for_updates":true,"comment":null,"compat_foreach":false,"compat_metadata":false,"compat_powerful_this":null,"compat_wrappedjsobject":false,"compatopts_for_requires":true,"noframes":null,"override":{"merge_connects":true,"merge_excludes":true,"merge_includes":true,"merge_matches":true,"orig_connects":[],"orig_excludes":[],"orig_includes":["/^(https?:\\/\\/)(.+)?(rsadnetworkinfo|rsinsuranceinfo|rsfinanceinfo|rssoftwareinfo|rshostinginfo|rseducationinfo)(\\.com)(\\/.*)/"],"orig_matches":[],"orig_noframes":null,"orig_run_at":"document-body","use_blockers":[],"use_connects":[],"use_excludes":[],"use_includes":[],"use_matches":[]},"run_at":null,"sandbox":null,"tab_types":null,"unwrap":null},"settings":{"enabled":true,"position":13},"meta":{"name":"Singkat RSShort","uuid":"01a8f7c0-7c2c-4bac-9ca2-8e8ce85c63d0","modified":1696941652382}}