{"options":{"check_for_updates":true,"comment":null,"compat_foreach":false,"compat_metadata":false,"compat_powerful_this":null,"compat_wrappedjsobject":false,"compatopts_for_requires":true,"noframes":null,"override":{"merge_connects":true,"merge_excludes":true,"merge_includes":true,"merge_matches":true,"orig_connects":[],"orig_excludes":[],"orig_includes":[],"orig_matches":["https://rshostinginfo.com/","https://rsinsuranceinfo.com/*","https://rshostinginfo.com/*","https://rsadnetworkinfo.com/*","https://rseducationinfo.com/*","https://rssoftwareinfo.com/*","https://rsfinanceinfo.com/*"],"orig_noframes":true,"orig_run_at":"document-idle","use_blockers":[],"use_connects":[],"use_excludes":[],"use_includes":[],"use_matches":[]},"run_at":null,"sandbox":null,"tab_types":null,"unwrap":null},"settings":{"enabled":true,"position":14},"meta":{"name":"SINGKAT RS&SHORT","uuid":"791e576a-0ae3-40bd-9c24-8689227d1d71","modified":1696941658602}}